{
    "status": "success",
    "data": [
        {
            "Id": "180B35CA-23AB-4A39-ADC5-E858E89B62C2",
            "ProgramName": "test",
            "NumberOfProgramDays": 44,
            "NumberOfProgramStages": 3,
            "StartWeight": 80,
            "StartDate": "2018-06-15T09:33:10.620Z",
            "TargetWeight": 67,
            "EndDate": "2018-07-29T09:33:10.620Z",
            "UserId": "21B69402-7E9C-4BA3-99A8-6D84A96FA866",
            "Status": "Completed",
            "version": "AAAAAAAAC+s=",
            "createdAt": "2018-06-15T09:33:10.621Z",
            "updatedAt": "2018-06-15T09:33:10.621Z",
            "deleted": false
        },
        {
            "Id": "DA66958A-292C-4EC5-B44D-3F7C98E48983",
            "ProgramName": "test",
            "NumberOfProgramDays": 44,
            "NumberOfProgramStages": 3,
            "StartWeight": 80,
            "StartDate": "2018-06-14T19:55:36.366Z",
            "TargetWeight": 67,
            "EndDate": "2018-07-28T19:55:36.366Z",
            "UserId": "21B69402-7E9C-4BA3-99A8-6D84A96FA866",
            "Status": "Processing",
            "version": "AAAAAAAAC9g=",
            "createdAt": "2018-06-14T19:55:36.369Z",
            "updatedAt": "2018-06-14T19:55:36.369Z",
            "deleted": false
        }
    ]
}